{"isStage":false,"name":"Pipe2","variables":{},"lists":{},"broadcasts":{},"blocks":{},"comments":{},"currentCostume":4,"costumes":[{"assetId":"288f11b6f474272f1c0cfa1961e45419","name":"Pipe2","bitmapResolution":2,"md5ext":"288f11b6f474272f1c0cfa1961e45419.png","dataFormat":"png","rotationCenterX":52,"rotationCenterY":329},{"assetId":"e44adc3f1dd3635397b956fd9ecf31e8","name":"Pipe1","bitmapResolution":2,"md5ext":"e44adc3f1dd3635397b956fd9ecf31e8.png","dataFormat":"png","rotationCenterX":52,"rotationCenterY":329},{"assetId":"89a437cfd7b0f821a9ed9a6d069b0832","name":"Pipe","bitmapResolution":2,"md5ext":"89a437cfd7b0f821a9ed9a6d069b0832.png","dataFormat":"png","rotationCenterX":52,"rotationCenterY":329},{"assetId":"b79be9b1fa8d7cc8a67e405ee55e0519","name":"Pipe-1","bitmapResolution":2,"md5ext":"b79be9b1fa8d7cc8a67e405ee55e0519.png","dataFormat":"png","rotationCenterX":52,"rotationCenterY":329},{"assetId":"d011707a973ee72f4fffca6d467b70a2","name":"Pipe-2","bitmapResolution":2,"md5ext":"d011707a973ee72f4fffca6d467b70a2.png","dataFormat":"png","rotationCenterX":52,"rotationCenterY":329}],"sounds":[{"assetId":"20c1ddb4a6dc9cde2db4fde26111ff0a","name":"sfx_point","dataFormat":"wav","format":"adpcm","rate":22050,"sampleCount":24385,"md5ext":"20c1ddb4a6dc9cde2db4fde26111ff0a.wav"}],"volume":100,"visible":true,"x":248,"y":15,"size":100,"direction":90,"draggable":false,"rotationStyle":"all around"}